timestamp,acclX,acclY,acclZ,gyroX,gyroY,gyroZ
0,-2.2936335,0.8236012,9.2726955,3.3893130,6.7709923,-5.7251906
10,-2.3319404,0.6464311,9.6437950,0.7328244,-1.6717557,1.1679389
20,-2.2625091,0.6895266,9.6988611,1.3282443,-1.7175573,1.1450381
30,-2.2768741,0.7565638,9.6485834,1.5648855,-1.8015267,1.1679389
40,-2.2457497,0.7565638,9.6006994,1.5648855,-1.6030535,0.6564885
50,-2.2601149,0.7805058,9.5623922,1.8702290,-1.6564885,0.0763359
60,-2.5378408,0.6272776,9.6701307,0.9618320,-3.6335878,0.7328244
70,-2.4803803,0.7062859,9.7012558,1.3511450,-4.2137403,1.3587786
80,-2.4995339,0.5961532,9.6414013,2.1145039,-5.2900763,2.2900763
90,-2.5330524,0.6296718,9.6461897,2.5419848,-6.2748094,3.2366412
100,-2.3870070,0.7038917,9.6006994,2.5419848,-6.2748094,3.7862597
110,-2.3056045,0.7709290,9.4642305,2.5496182,-7.5114503,3.9465649
120,-2.2265961,0.8307837,9.5599985,2.3206108,-8.0458012,3.8778627
130,-2.2888451,0.8451489,9.5959110,2.3129771,-8.8854961,3.4732823
140,-2.2625091,0.7661406,9.5767574,2.5114503,-9.3664122,3.8167939
150,-2.3247581,0.8643024,10.0077124,6.0916033,-19.3053436,3.7633588
160,-2.1164634,0.7421987,10.0148945,8.7099237,-23.6106873,3.1068702
170,-2.0733681,0.7469871,10.1585455,11.5572519,-26.5572510,0.8549618
180,-2.1164634,0.8451489,10.2040358,15.0610685,-30.9541988,-1.5343511
190,-2.2050486,0.8188128,10.3716288,19.2977104,-37.0916023,-3.3435113
200,-2.4013720,0.6799498,10.4554253,23.7786255,-43.3664131,-3.2900763
210,-2.6623387,0.6248835,10.6469603,28.7557259,-50.6793900,-1.9694656
220,-2.9041519,0.5267217,10.7475166,34.7709923,-56.1832047,1.7251909
230,-3.0645626,0.6607963,10.5176744,40.0076332,-58.3129768,8.2366409
240,-2.8251436,1.0342898,10.2710724,42.1984749,-59.6488533,14.3587790
250,-2.3822186,1.2066715,9.8329363,41.9694672,-61.5496178,17.2213745
260,-1.9512644,1.3048333,9.5049324,38.6030540,-63.4961815,18.1832066
270,-1.5418580,1.6783268,9.6006994,32.7480927,-67.6030502,17.0687027
280,-1.0079538,1.9656296,9.8592720,24.3129768,-73.8015289,11.4885492
290,-1.1539993,1.9536586,10.7882175,17.5419846,-82.5801544,4.9160304
300,-1.3790531,1.9273225,11.8177195,12.3129768,-92.6641235,1.7480916
310,-1.5490406,2.0661855,12.6676559,8.6564884,-92.1984711,2.5343511
320,-1.7693061,2.1212518,13.3164816,5.5114503,-80.1679382,8.5267172
330,-1.8483143,2.2433555,13.5582952,-0.9160305,-55.7022896,19.2366409
340,-1.4676381,2.5019281,14.2071199,-4.1755724,-31.0458012,30.0076332
350,-1.1755470,2.7940190,14.3747139,-3.6641221,-11.8931293,38.3435097
360,-0.2753318,3.5553713,14.3268299,-1.3969465,-2.4351146,41.6106873
370,-0.4692611,6.0285692,13.4433737,-0.0916031,-10.0229006,-0.2442748
380,-2.3486998,6.5241661,12.4330254,-0.1832061,-31.4580154,-2.7786260
390,-3.6846576,7.5297260,11.1162214,-3.9541984,-62.4656487,3.3435113
400,-3.6535332,8.5807753,10.3381100,-14.6183205,-99.6030502,11.2977095
410,-3.0286496,9.7922344,10.5416164,-28.1221371,-128.4198456,17.6335869
420,-1.6088953,10.3476868,12.4234495,-37.3664131,-143.3435059,21.2442741
430,-0.1412572,11.2862091,14.9349537,-33.4580154,-136.5648804,18.0534344
440,0.8259954,11.9541883,16.2709122,-20.3282452,-108.3435135,11.1145039
450,0.8212070,11.3460636,15.7441902,-8.2519083,-73.4045792,1.4274809
460,-0.5315101,10.6637201,14.8224268,-2.1450381,-50.9465637,-5.9847326
470,-2.0183017,10.5631638,14.9995966,9.0916033,-46.5572510,-5.4122138
480,-2.7772598,10.7355452,14.6883526,29.0305347,-57.7175560,0.1221374
490,-2.5569944,11.1832590,12.9214401,48.2900772,-79.2290039,5.3053436
500,-2.0206959,11.6405487,10.7139978,59.7786255,-103.0381699,8.5572519
510,-0.5339043,11.6812506,8.6789370,62.7404594,-119.8854980,7.7099237
520,0.0766141,11.3508520,6.5361371,56.4885483,-126.0534363,5.7557254
530,0.4022238,9.8760319,4.6255741,42.1755714,-124.3893127,7.8931298
540,0.7685348,7.7763271,2.9520357,23.0000000,-115.6335907,13.7480917
550,1.1109039,5.4779053,1.8961980,3.8396947,-103.6641235,22.0152664
560,1.9201399,2.9041519,1.1156923,-13.6564884,-90.8549652,29.7404575
570,3.2034254,0.2082945,0.6272776,-28.3664131,-77.5038147,33.7480927
580,5.2145448,-2.8538737,0.0335187,-41.3206100,-58.3816795,31.3893127
590,7.2783360,-6.2033448,-0.5267217,-54.9465637,-35.5496178,19.6793900
600,8.9973640,-9.6773138,-0.9935886,-69.3511429,-16.7862587,0.4809160
610,10.3716288,-12.9501705,-0.9840119,-82.4274826,-7.9694657,-24.3435116
620,10.4338779,-15.9596672,-1.0414724,-93.1145020,-10.1068707,-49.5190849
630,9.7084379,-18.3347034,-1.2282192,-110.6335907,-34.0610695,-68.1603088
640,8.4921904,-19.5078564,-0.5410868,-130.5038147,-78.2671738,-76.7938919
650,8.0588417,-19.2229462,1.2401901,-155.1679382,-132.2824402,-77.1984711
660,8.6406298,-18.3921642,3.9528067,-180.9007568,-175.8854980,-79.5038147
670,9.7371683,-17.5398312,7.3501616,-210.6335907,-196.6946564,-93.4961853
680,10.1800938,-16.6180687,13.4170380,-232.2442780,-183.0000000,-118.4580154
690,8.4706421,-17.5781384,19.6126022,-220.3664093,-129.7404633,-139.8244324
700,4.4388270,-18.9021263,19.6126022,-163.3053436,-53.0458031,-138.2900696
710,1.2928623,-18.5334206,19.6126022,-44.8778610,41.0839691,-111.0916061
720,0.0000000,-18.8087521,19.6126022,117.9923630,129.1755676,-64.6870193
730,-0.4932030,-19.6131992,19.6126022,250.1297760,173.2748108,-9.7709923
740,-0.0383070,-18.3754044,8.2671366,250.1297760,159.8473358,39.2290077
750,1.3455344,-15.6484222,-2.6120608,250.1297760,128.4580078,77.5801544
760,2.8012016,-12.4019012,-9.4402885,250.1297760,99.7786255,101.4656525
770,4.3047528,-8.0277176,-11.1162214,207.8015289,74.2061081,115.5648880
780,6.0070214,-5.1546898,-7.1586266,143.9923706,73.0152664,115.7862625
790,6.6103573,-3.0956869,-1.8124014,111.4885483,92.6335907,107.0839691
800,6.0860295,-2.2457497,2.3702476,107.3740463,111.6564865,99.2824402
810,5.1570840,-1.7764885,4.0461802,120.5343475,126.8167953,95.2366409
820,3.8067613,-0.6224893,3.5098817,129.8854980,133.9465637,95.6946564
830,2.6982515,1.1109039,2.7413468,129.9084015,124.1374054,100.3206100
840,2.2170193,2.7485294,2.7796540,124.8244247,107.0687027,104.9236679
850,2.4516499,4.4340386,3.2489152,117.8244247,90.4732819,108.6335907
860,3.0669568,5.5449429,3.6367738,109.2595444,78.4274826,110.2671738
870,3.8019729,6.3446021,3.8474624,98.7175598,73.1374054,109.9007645
880,4.4771342,6.9718795,4.0964580,80.1297684,76.5572510,107.1374054
890,4.6495161,7.6661944,4.8003497,61.1221390,84.7786255,101.5190811
900,2.8562679,8.6956959,7.2663651,6.2595420,18.5648861,2.6488550
910,2.0590029,7.3621325,8.5616217,-8.8854961,5.3206105,-1.3358779
920,1.8626794,7.1322904,8.9039907,-12.4885492,-10.5648851,-5.0916033
930,1.5131277,6.9192076,9.3708572,-15.7938929,-26.7862587,-6.3358779
940,1.4269369,6.6726060,10.2950144,-15.4885492,-37.0000000,-3.1450381
950,1.4963684,6.6654234,10.9366570,-11.1908398,-39.1068687,2.4732823
960,1.6208663,7.1179252,11.0108776,-6.7633586,-33.8778610,9.9312973
970,2.0613971,7.4171991,10.5320396,-4.5038166,-21.4503822,17.5267181
980,3.1770895,8.2886839,9.2080526,-16.9236641,17.5648861,27.2671757
990,3.4356618,8.2623482,9.2272062,-27.7709923,34.8473282,27.7709923
1000,3.4859397,8.2000990,9.5671806,-34.2061081,41.9389305,25.3816795
1010,3.4931223,8.2336178,9.8161764,-36.2671738,40.5343513,21.6793900
1020,3.4500270,8.3174143,10.0172882,-36.9083977,34.6717567,16.9618320
1030,3.3590479,8.4850073,10.4362717,-36.0534363,25.1832066,11.4274807
1040,3.2130022,8.3365679,11.0132713,-33.4809151,13.6259546,5.9389315
1050,3.1196289,8.3198080,11.8296900,-20.4732819,-11.3816795,-2.8015268
1060,3.1723011,8.4371233,12.1289635,-9.2137403,-22.2290077,-6.0305343
1070,3.3877780,8.8728657,11.6142130,1.0687023,-30.4198475,-8.6183205
1080,3.5434003,9.3828287,10.7451220,6.1068702,-34.0839691,-12.0992365
1090,3.5841017,9.9813757,9.9239149,5.4656487,-36.4809151,-15.6030531
1100,3.5434003,10.6421719,9.3277617,0.4045801,-39.9694672,-19.7404575
1110,3.2848279,11.1952295,9.1098909,-7.3435116,-44.4427490,-23.5190830
1120,3.0478032,11.4992924,9.1314383,-16.9770985,-48.9771004,-25.6870232
1130,2.7820482,11.7099810,9.9478569,-26.5572510,-50.0610695,-26.2290077
1140,2.2577207,12.1553001,11.1114330,-30.7251911,-50.7480927,-23.6870232
1150,1.8914096,12.4928808,11.9350348,-30.1374054,-52.2824440,-19.0381680
1160,2.0781565,12.8974981,12.5862541,-26.5496178,-52.8320618,-13.9694653
1170,2.1068866,13.2901459,12.7155399,-20.5419846,-55.7786255,-10.5801525
1180,2.3726418,13.8096848,12.4497852,-13.0458012,-64.1984711,-9.7404585
1190,2.2361729,14.7913027,12.2630386,-4.8702292,-78.3969498,-12.0152674
1200,2.7365584,15.2414103,11.5280218,4.7251906,-101.1679382,-16.0763359
1210,3.5841017,15.6843348,10.3500814,9.8778629,-122.5114517,-23.7022896
1220,4.4507980,15.6651812,9.0524302,8.7099237,-135.8167877,-33.6335869
1230,5.3749552,15.2318335,7.6542239,2.4580152,-135.5648804,-43.2900772
1240,5.6814117,14.4202032,5.5281835,-11.2671757,-115.2824402,-49.9007645
1250,5.2504573,12.9477768,2.9903426,-33.2519073,-88.3053436,-54.3511467
1260,4.1611013,10.5535870,1.2569494,-58.3969460,-69.8702316,-57.9083977
1270,3.3877780,7.5823979,0.5267217,-79.7862625,-62.0305328,-54.5954208
1280,3.3973548,3.8450682,-0.1939293,-94.6641235,-56.6259537,-50.1221390
1290,3.8690102,-0.0143651,-0.8547257,-105.2442780,-50.4656487,-46.0687027
1300,4.7117648,-4.3454537,-1.0989330,-114.6183243,-39.0228996,-41.5648842
1310,5.8968887,-9.0979195,-1.0869620,-121.5648880,-26.9389305,-35.8778610
1320,7.2160869,-13.9796724,-0.7541697,-124.7862625,-23.0458012,-27.3893127
1330,9.3253679,-18.4831429,-0.6536137,-124.7862625,-29.7480907,-17.5114498
1340,12.2654324,-19.6131992,-0.7326220,-128.9313049,-44.4045792,-12.4885492
1350,15.3156300,-19.6131992,-1.5705882,-149.9923706,-65.4198456,-19.7251911
1360,16.9173431,-19.6131992,-1.5753766,-201.2290039,-99.0916061,-46.7786255
1370,16.0410690,-19.6131992,2.2098370,-250.1374054,-138.3893127,-96.5725174
1380,14.2550039,-19.6131992,10.2375546,-250.1374054,-153.7938995,-155.6641235
1390,9.9239149,-19.6131992,19.6126022,-250.1374054,-131.1603088,-204.0610657
1400,2.5929072,-19.6131992,19.6126022,-234.6259613,-67.8320618,-222.7557220
1410,-5.0876527,-19.6131992,19.6126022,-32.3053436,35.5114517,-190.5114441
1420,-8.6526003,-19.6131992,19.6126022,200.8625946,107.3816757,-109.5877838
1430,-7.8697009,-19.6131992,12.9286232,250.1297760,94.7786255,-25.0763359
1440,-4.7213416,-18.0162754,-2.6407909,250.1297760,61.7480927,42.1679382
1450,-0.3399749,-12.8472204,-14.7362356,250.1297760,46.0000000,87.1450348
1460,4.1371593,-6.4451580,-19.5892582,158.4885559,53.2671738,103.7862625
1470,6.6917596,-2.4348907,-14.8224268,31.5725193,98.0229034,100.1755753
1480,5.8849177,-1.0869620,-4.2305326,-34.7557259,145.7938995,88.9389343
1490,3.2297616,-0.4094064,4.6926112,-40.7709923,152.1221313,83.4580154
1500,1.3168042,0.1125269,9.9167328,-3.7328243,127.3587799,86.0229034
1510,0.7110743,0.4333483,10.8600435,47.1755714,93.7251892,92.5954208
1520,1.3718705,4.2784166,7.5536675,96.9923630,25.9541988,103.7862625
1530,3.0334380,5.8585815,6.1123657,94.3893127,16.2213745,107.0992355
1540,5.1307478,7.0939832,5.4922705,76.9923630,26.9923668,105.6488571
1550,5.2169390,7.3453732,9.9861641,-23.2519093,97.7404556,81.4732819
1560,5.3127065,6.5959921,11.5543585,-25.9770985,97.7480927,79.9847336
1570,5.0325861,6.1985564,12.1098099,-21.7938938,99.5801544,77.2213745
1580,4.7261300,6.0740585,12.1600885,-14.2366409,89.3053436,72.3129807
1590,4.5633249,5.9830794,11.9398232,-3.8778627,69.0610657,64.4122162
1600,5.0206151,5.7101417,10.7331514,16.3206100,22.3053436,40.2824440
1610,5.2720051,5.8585815,9.7682934,19.5877857,8.5572519,23.6259537
1620,4.6902170,6.0836353,8.9638453,14.9465647,1.4809160,8.3206110
1630,4.0605454,6.0261750,8.7675219,5.9541984,-1.5419847,-4.0916033
1640,3.0382264,5.8825235,8.9087791,-3.3053436,-0.5114504,-11.6183205
1650,2.1739240,5.6167684,9.1410151,-11.9465647,2.3511450,-13.3893127
1660,1.4843974,4.9751258,9.4618368,-18.8396950,4.1374044,-11.1526718
1670,0.8930327,4.0437860,10.4290895,-26.9465656,6.4885497,15.7328243
1680,1.3479286,3.9528067,10.6756907,-28.0076332,7.6488547,24.9465656
1690,2.0949159,3.6702924,10.9366570,-27.6793900,7.0000000,31.2061062
1700,2.7820482,3.7540891,11.0922794,-25.6488552,5.1755724,33.5572510
1710,3.2848279,4.1132174,11.2311430,-24.2442741,1.4274809,32.5572510
1720,3.9312592,4.6136031,11.4801388,-22.3206100,-3.7251909,28.9618320
1730,4.5274124,5.0254035,11.7458935,-20.3053436,-7.3206105,23.2213745
1740,4.8937230,5.4491754,11.8895445,-19.3282452,-9.2137403,15.9770994
1750,5.1211715,5.5425487,12.1241751,-18.6030540,-8.8854961,8.8854961
1760,5.1714492,5.6838059,12.3612003,-16.4809170,-7.1908398,1.6793894
1770,4.9775200,5.9591374,12.4186611,-13.2671757,-6.6946564,-5.4122138
1780,4.7381010,6.4451580,12.1600885,-10.6641226,-7.0076337,-11.5496187
1790,4.2999644,6.9479380,11.7387114,-9.8244276,-7.0992365,-16.4045811
1800,3.7014170,7.5632443,11.6046362,-11.0229006,-8.3664122,-18.8778629
1810,3.0406206,7.8385763,11.4561968,-13.0152674,-11.7938929,-19.0992374
1820,3.0549858,8.2599535,11.3125448,-18.0992374,-15.2595415,-17.9923668
1830,3.6726866,8.6286592,11.1641054,-26.1221371,-14.9236641,-19.6946564
1840,3.5553713,8.9303265,11.2024126,-35.4732819,-10.3893127,-23.6259537
1850,2.9113343,9.4091644,11.0036945,-47.9236641,-7.8778625,-23.8778629
1860,2.4444675,10.3476868,11.0324249,-65.4809189,-2.7786260,-25.6793900
1870,1.2090657,11.0994625,11.9086981,-82.3893127,-2.9312978,-28.7862587
1880,-0.0071826,11.4226780,13.7857428,-93.1374054,-6.7251906,-27.3664131
1890,-0.5746055,11.3771887,15.3228121,-94.8396912,1.0992366,-20.0763359
1900,-0.7805058,10.9151096,15.7394018,-92.0000000,14.9694653,-10.2213745
1910,-1.2521610,11.1497402,15.4856176,-86.8473282,19.7480907,2.2519083
1920,-0.2513899,11.3867655,14.8032732,-79.8244247,11.1908398,11.1450386
1930,2.0877333,11.1688938,14.0084028,-69.5572510,-7.5114503,7.5954199
1940,4.7237358,10.3692341,12.8256731,-56.0305328,-29.2290077,-6.9465647
1950,7.4195933,9.1817169,10.3189564,-46.9541969,-38.8244286,-32.4045792
1960,7.7715387,6.8138633,7.9247670,-47.1450386,-41.3664131,-59.8015251
1970,7.0628591,3.7636659,6.7564025,-49.6030540,-41.1603050,-76.2900772
1980,6.2464404,0.1628049,5.9495606,-50.7251892,-21.4961834,-79.0687027
1990,5.8035154,-3.4524212,5.4395986,-46.3053436,11.5190840,-74.4656525
2000,5.5952206,-7.1945391,4.4100971,-35.0839691,34.2137413,-65.8015289
2010,6.3469963,-10.9031391,2.5043221,-22.4198475,34.8625946,-59.3358765
2020,7.9247670,-13.9365768,-0.2274480,-15.9465647,11.2824430,-60.9694672
2030,10.0555954,-16.2541523,-4.0198441,-26.6870232,-27.1755733,-74.2366409
2040,12.0116482,-18.6746769,-6.9096308,-60.8702278,-62.2977104,-96.0457993
2050,13.4314032,-19.6131992,-7.7571740,-116.8167953,-95.4961853,-125.5038147
2060,13.0650921,-19.6131992,-3.9432299,-182.9847260,-102.5038147,-157.1145020
2070,11.8847561,-19.6131992,3.7708483,-234.9465637,-75.2442780,-184.3969421
2080,4.5345950,-19.6131992,17.2214050,-228.2213745,-6.5496182,-189.4045868
2090,-2.4037662,-19.6131992,19.6126022,-152.6717529,77.8167953,-165.6259613
2100,-10.2998028,-19.6131992,19.6126022,-32.3816795,114.0076370,-106.5343475
2110,-13.0794573,-19.6131992,19.6126022,88.6183243,102.1068726,-22.3282452
2120,-9.6414013,-19.6131992,12.1002331,173.4961853,60.1374054,60.4427490
2130,-3.8785870,-17.7241840,0.9792235,196.6412201,21.4274807,114.4427490
2140,0.9983770,-14.8343983,-5.1379304,172.7328186,16.3664131,144.0763397
2150,3.4667864,-12.3995075,-6.1626434,133.3358765,40.1984749,158.9313049
2160,4.5369892,-10.2830439,-4.0892754,98.8167953,55.0152664,166.3129730
2170,5.2049680,-7.7236552,-0.2896969,84.7328262,53.9618340,167.4809113
2180,5.9256191,-5.6718349,2.5043221,90.8320618,43.3053436,162.3053436
2190,6.7276726,-3.6367738,3.5242469,101.0763321,33.5877876,152.8396912
2200,7.3022780,-1.5729824,3.9408360,107.9007645,24.2366409,138.3664093
2210,7.2017217,0.2274480,4.1491303,108.5954208,12.4732828,122.0610657
2220,7.3549500,2.1811066,4.5585365,102.7022934,6.5038166,106.0687027
2230,7.4339581,5.7149301,6.6366930,55.5496178,9.3358774,60.9771004
2240,3.6942344,9.0452480,11.4849272,-1.5954199,27.8396950,24.1145039
2250,3.2967989,9.7036495,11.8105364,-10.6870232,23.0763359,13.8320608
2260,3.0071020,10.2686787,12.6604738,-21.1145039,17.7786255,4.2748094
2270,3.6128318,10.2399483,13.3500004,-29.6564884,16.9312973,-5.8473282
2280,3.8809812,9.4139528,13.9006643,-39.0992355,26.2366409,-16.8244267
2290,3.1986370,7.9343438,14.7577839,-48.0687027,39.5038185,-24.1526718
2300,1.9273225,6.6247220,15.9836092,-48.3358765,41.1679382,-25.9083977
2310,0.8427547,5.7987270,16.8598824,-40.6335869,31.4580154,-22.6259537
2320,0.1891410,5.2624283,17.5015240,-27.9236641,16.6183205,-16.1984730
2330,-0.1867468,5.2480631,17.6020813,-10.4503813,-4.4656487,-8.0381680
2340,0.3878587,5.5162125,17.2668934,9.4961834,-30.2290077,-1.8244275
2350,2.1882892,6.1865854,16.1392307,24.8167934,-48.6564903,-1.0458015
2360,3.8881636,7.6709828,14.4585104,27.7633591,-52.4351158,-9.1679392
2370,3.7756367,8.6478119,13.3595772,20.0458012,-52.3816795,-19.8091602
2380,3.1675127,9.7539282,13.4673157,11.3358774,-56.8244286,-26.7557259
2390,2.0829449,11.4298601,14.3172531,7.2137403,-66.1755753,-32.2824440
2400,1.4652439,13.2278967,14.7865143,4.4045801,-72.7480927,-37.5572510
2410,-0.0909792,15.0594521,15.2533808,1.6106870,-78.3053436,-38.8931313
2420,-0.9385223,16.4361115,15.2150736,-2.2595420,-75.0763321,-31.1145039
2430,-0.6129125,16.6084919,14.0610743,-8.5267172,-60.4809151,-19.2213745
2440,0.1843526,16.1847210,12.1002331,-16.8244267,-47.4732819,-9.4427481
2450,1.6735384,15.1743727,9.7156210,-27.5877857,-39.8625946,-3.1145039
2460,3.1699069,13.8072910,7.4124107,-41.3129768,-39.0916023,-3.2671757
2470,4.1898317,11.2215662,5.9136481,-55.5725174,-37.1145020,-7.1145039
2480,5.0756817,7.7284436,5.0373745,-64.0916061,-32.3664131,-8.9694653
2490,6.2823529,3.5290353,3.8761928,-65.5343475,-25.4961834,-12.8931293
2500,8.0253229,-1.3263810,2.7868366,-62.1755714,-15.3435116,-19.5190830
2510,9.9071560,-6.4212160,2.0039365,-53.6870232,-0.7404580,-31.3435116
2520,12.1696653,-10.9510221,1.2042773,-40.3511467,10.2061071,-54.4580154
2530,14.0754395,-15.4161863,0.0790083,-26.9007626,9.5954199,-91.2290039
2540,14.1975431,-19.4456062,-0.8044477,-21.4732819,-7.0610685,-133.2519073
2550,12.6078014,-19.6131992,-1.6065011,-28.3282452,-37.0992355,-166.5343475
2560,9.5863342,-19.6131992,-1.0223188,-49.1603050,-71.2519073,-185.5419922
2570,6.1458845,-19.6131992,0.5817881,-79.3969498,-99.5572510,-193.0686951
2580,2.5306582,-19.6131992,4.0605454,-110.0076370,-111.9389343,-190.4656525
2590,-1.9991482,-19.2420998,9.2056589,-123.7404556,-90.6870193,-173.5648804
2600,-7.1801744,-18.6124287,13.3236647,-113.9389343,-61.3740463,-140.2900696
2610,-10.9222927,-18.3562508,17.6188393,-75.8702316,-40.2900772,-80.9465637
2620,-11.3747940,-17.3123837,19.6126022,-9.1374044,-18.9465656,-5.8549619
2630,-8.6956959,-16.3906212,18.0617657,64.6641235,7.2137403,69.8854980
2640,-3.2704628,-15.5526543,12.6149845,114.6946564,37.7862587,131.0610657
2650,3.7181761,-13.7833490,6.5576849,136.5572510,73.1221390,166.6793823
2660,8.0827837,-11.9039097,1.6759326,132.9770966,98.1679382,176.3053436
2670,10.2567072,-10.1178446,-0.7661406,117.0610657,98.1297684,170.0152740
2680,10.9366570,-8.2599535,-0.3663110,100.7862625,89.9389343,154.0000000
2690,11.0348196,-6.7540083,1.3622938,100.6183243,74.7099228,132.4503784
2700,10.5775290,-5.3725610,2.9711890,106.9236679,59.2213745,106.2824402
2710,8.7076674,-4.2329268,3.9073172,118.1908417,37.5267181,82.5801544
2720,6.8210459,-3.3087699,4.4005203,132.6106873,12.5419846,66.7175598
2730,4.8865409,-1.8171898,4.4603748,144.2519073,-12.2366409,59.3129768
2740,4.1180058,-0.1149211,4.0126615,146.6259613,-31.2671757,58.1374054
2750,4.0246325,1.3886299,3.8402798,137.9313049,-33.8015251,60.5496178
2760,4.2616572,2.7054341,4.4053087,120.4198456,-19.5496178,64.9618301
2770,3.6128318,6.2224984,10.3524752,20.8854961,92.0687027,92.3893127
2780,3.8259149,6.7372489,11.6453371,24.8015270,77.9236679,88.1679382
2790,4.6902170,6.7516141,11.8057480,34.7786255,60.6870232,79.0229034
2800,5.4826937,6.6606350,11.1880474,43.0916023,43.2366409,63.5725174
2810,5.9519548,6.4164276,10.4410601,46.6259537,26.7404575,44.6259537
2820,4.7764082,6.2799587,9.4666252,38.7633591,1.4885496,10.4732828
2830,4.0988522,6.3254485,9.3110027,32.2213745,-12.9083967,-1.7175573
2840,3.2560976,6.4116392,9.5001440,26.9923668,-27.8625946,-8.9312973
2850,2.6886747,6.3805151,9.7180147,22.7709923,-36.6488533,-11.2824430
2860,2.6360025,6.2560172,9.8496952,18.6259537,-36.2061081,-10.8854961
2870,2.9807658,5.7484488,9.8018112,11.9465647,-25.6412220,-9.6946564
2880,2.4899571,6.2464404,9.9215212,-2.1068702,4.0381680,-8.2595415
2890,2.1715298,6.7133074,10.0508070,-10.8473282,8.3587790,-6.7404580
2900,2.0374553,6.7683735,10.5918941,-16.2366409,5.3358779,-7.1526718
2910,1.7477583,7.0868006,11.1736822,-15.8320608,-5.8625956,-6.2290077
2920,1.8004304,7.4076223,11.0587606,-14.0305347,-19.3435116,-3.5038168
2930,2.7772598,7.9391322,10.7235746,-12.1755724,-42.1832047,-4.0687022
2940,4.1180058,7.6733770,10.5871058,-16.2824421,-50.2748108,-6.7938933
2950,4.4507980,8.0325060,11.2814207,-22.4961834,-50.6335869,-12.9847326
2960,5.3342543,8.4682484,11.5591469,-25.1068707,-52.7557259,-20.0992374
2970,6.3805151,8.9925756,11.7458935,-26.7786255,-51.8854980,-31.7175579
2980,6.2655940,9.0332766,12.2271252,-28.7480907,-47.1908379,-43.7633591
2990,5.2408805,9.2319946,12.9118633,-27.3587780,-43.0305328,-50.4198456
3000,4.4172797,9.3253679,12.8759508,-24.9618320,-36.1526718,-49.4809151
3010,3.5817075,9.5145092,12.5862541,-25.3893127,-25.6335869,-43.6183205
3020,2.9017577,9.9023676,12.5287933,-28.1068707,-18.2595425,-34.4351158
3030,2.6862805,10.1920643,12.9190464,-28.0229015,-15.9541988,-24.2824421
3040,2.2601149,11.1880474,13.5391417,-25.7633591,-19.0076332,-13.8091602
3050,1.7333932,13.2685976,14.1424770,-24.7557259,-24.8854961,-2.4732823
3060,2.4731977,16.4672356,14.8655224,-29.8549614,-27.9007626,8.7251911
3070,5.7915444,18.7967815,16.8455162,-38.5343513,-13.8244276,7.5038166
3080,8.0971489,19.6126022,19.1415443,-37.1984749,22.1297703,-14.2595415
3090,7.2256637,19.5796814,19.5006733,-20.8702297,50.3740463,-44.1221390
3100,4.7285242,19.1583042,16.6276455,1.9618320,56.0992355,-72.0381699
3110,1.8507085,18.5070839,11.9517937,21.4809170,25.3129768,-96.8854980
3120,0.1029501,17.4033623,6.8306227,30.9923668,-44.2061081,-118.3435135
3130,-0.0478838,15.2988710,3.3614421,26.7251911,-125.7404556,-135.7709961
3140,1.0534433,12.3037395,2.0039365,17.3893127,-189.0610657,-147.4732819
3150,2.0973101,8.2048874,0.8738791,3.7862597,-210.0686951,-149.3816833
3160,2.2696917,3.4763632,-0.6703730,-16.2900772,-186.4732819,-135.4198456
3170,2.5186872,-0.9935886,-1.8674678,-44.8320618,-127.4809189,-105.6717529
3180,3.2249732,-6.7300668,-2.4492557,-77.5648880,-48.5190849,-68.3587799
3190,4.0653338,-12.0738974,-0.9888002,-96.6030502,11.2671757,-31.0687027
3200,5.0876527,-16.8646698,0.0718257,-98.4961853,42.3511467,2.3893130
3210,6.7444315,-19.6131992,0.2801202,-90.1297684,44.3282433,30.7557259
3220,9.2104464,-19.6131992,-0.3040621,-84.0687027,18.6030540,46.9465637
3230,11.9996777,-19.6131992,-1.2976507,-93.1832047,-25.0763359,45.4427490
3240,13.8168669,-19.6131992,-1.6041069,-125.9389343,-71.0381699,24.7480907
3250,14.0562859,-19.6131992,0.4309541,-177.1832123,-114.7786255,-12.4732828
3260,12.8017311,-18.3275204,4.8410511,-230.0152740,-145.7022858,-58.4809151
3270,10.8313131,-18.9571915,11.9948893,-250.1374054,-161.8931274,-103.9542007
3280,6.4595232,-19.6131992,19.6126022,-239.1450348,-152.1221313,-127.5572510
3290,2.3056045,-19.6131992,19.6126022,-142.9389343,-110.8320618,-112.4656525
3300,0.5578461,-19.4982796,19.6126022,16.7328243,-34.6641235,-70.1832047
3310,1.6807210,-19.1343613,19.6126022,177.6412201,53.7938919,-20.3053436
3320,4.5250182,-19.6131992,15.8160152,250.1297760,119.9236679,25.9236641
3330,6.9096308,-18.8901539,0.7972651,250.1297760,144.6412201,56.8320618
3340,8.4036045,-16.4337158,-10.7331514,250.1297760,142.5725250,78.6335907
3350,8.9566631,-12.6317434,-14.4656925,174.0458069,139.1221313,83.7862625
3360,8.7914639,-9.7802639,-9.2679071,98.6641235,134.9313049,76.7786255
3370,7.3908629,-8.0396881,-2.0613971,76.7633591,129.0915985,70.8854980
3380,5.9998388,-7.1059542,3.5386121,91.4961853,113.0305328,73.2595444
3390,5.4826937,-6.2440462,5.5832496,121.0687027,96.8778610,81.6259537
3400,4.7644372,-3.7109938,4.6471219,143.9847260,104.3053436,96.8244247
3410,3.4212968,-0.0215477,2.2601149,143.3511505,114.0534363,110.6106873
3420,2.7341642,3.5122759,1.0438666,127.3358765,108.7862625,123.3969498
3430,3.1220231,6.6127515,1.2282192,103.7862625,100.0839691,130.9618378
3440,4.4005203,8.5137377,2.1763182,77.0305328,97.5038147,130.9313049
3450,5.5784616,9.2966375,3.2920105,52.8473282,101.8625946,125.6641235
3460,5.6239510,9.7563219,3.7660601,27.5877857,120.0152664,121.8549652
3470,4.9200592,10.7451220,4.6064205,-3.2061069,139.8015289,125.8854980
3480,4.1802549,12.2965574,6.7037306,-32.7251892,156.5038147,133.9389343
3490,4.6159973,13.5223818,9.6006994,-49.1374054,161.5190887,136.8549652
3500,5.5569139,13.6923695,11.8392668,-49.0687027,161.4274750,129.3435059
3510,5.9088597,13.2087431,12.0834742,-43.0305328,159.9618378,113.9160309
3520,5.6359220,12.3875360,11.4561968,-36.6793900,140.7786255,92.7633591
3530,5.2600341,11.1593170,10.4889441,-31.9923668,102.3587799,71.7862625
3540,4.9559722,10.3069859,9.3277617,-34.2137413,57.2977104,49.3664131
3550,4.5824785,10.1609402,9.0213060,-43.7938919,15.5877867,29.0610695
3560,4.0006905,10.2974091,10.0915089,-55.6335869,-18.7022896,11.6335878
3570,2.5330524,10.9342632,12.0475616,-62.4732819,-52.2290077,0.1832061
3580,2.1930776,11.2622671,13.8336267,-62.0381660,-84.7480927,-3.7251909
3590,2.4755919,11.0850973,14.7625723,-59.9923668,-103.8549652,-5.0000000
3600,3.1627243,10.9246864,15.3299952,-58.9389305,-118.2824402,-5.7328243
3610,4.6016321,11.0180597,16.1176834,-58.4351158,-123.2213745,-7.3740458
3620,5.4850879,11.4801388,17.0753593,-57.0992355,-111.6259537,-12.8244276
3630,5.9423780,12.1002331,17.9923344,-51.1374054,-99.6564865,-20.3129768
3640,6.1506729,13.2374735,18.9739513,-39.3511467,-89.6564865,-29.0000000
3650,5.6431046,14.2430334,19.2923794,-24.6870232,-83.9389343,-38.0076332
3660,5.3151007,14.4776640,18.6411591,-11.9312973,-82.0381699,-46.7862587
3670,4.1802549,14.3795023,17.5877151,0.5572519,-89.8015289,-55.3129768
3680,2.1595588,14.7793312,16.4313221,15.2748089,-118.8167953,-60.8473282
3690,0.9696468,15.6723642,15.8519287,33.9007645,-165.6183167,-56.6793900
3700,2.6431851,16.6731358,14.8343983,49.9541969,-197.5114441,-50.2900772
3710,5.2169390,17.1830978,12.6700506,49.7328262,-178.8320618,-47.7938919
3720,6.4068508,17.0681763,10.4865494,34.3129768,-116.1603088,-47.9007645
3730,5.8130918,15.8974180,7.8122401,8.4656487,-42.1450386,-49.6488533
3740,3.4284792,13.7163115,5.4755111,-21.8396950,12.5343513,-48.0916023
3750,0.7493813,11.4250717,4.6590929,-45.2061081,32.6488533,-39.2977104
3760,-0.6153067,8.8608952,4.6471219,-53.1908379,20.6717548,-26.2748089
3770,-0.6967092,6.0333576,4.1706781,-45.6412201,-9.6870232,-13.4656487
3780,0.7852941,2.6360025,2.4253139,-34.5801544,-33.7022896,-1.0152671
3790,3.4835455,-1.4556671,0.4860204,-28.2442741,-34.5877876,6.6488547
3800,6.8904772,-6.0261750,-1.1970947,-28.6183205,-15.8320608,5.0458016
3810,9.6437950,-10.3357162,-2.2337787,-35.6183205,7.2061067,-11.3206110
3820,11.3963413,-14.2143030,-2.9975252,-48.2824440,13.4580154,-40.4580154
3830,11.2766323,-17.4081516,-3.7516949,-67.2748108,-14.9694653,-74.3664093
3840,10.4075413,-19.6131992,-3.4117200,-93.8320618,-75.9923630,-100.2671738
3850,10.2614956,-19.6131992,-1.4341195,-123.2977066,-146.0839691,-113.2290039
3860,10.8600435,-19.6131992,1.5681942,-148.2519073,-197.1526642,-120.0152664
3870,11.5735121,-19.6131992,5.9950504,-170.6259613,-208.7175598,-129.3969421
3880,11.1784706,-19.6131992,11.6453371,-182.2366486,-166.0534363,-150.6488495
3890,8.1330614,-19.5246143,17.9252968,-175.3740387,-111.4732819,-175.8015289
3900,3.6990228,-19.2660427,19.6126022,-128.4732819,-75.0610657,-189.5419922
3910,0.4453192,-19.6131992,19.6126022,-35.0839691,-52.7709923,-179.6259613
3920,-1.1587877,-19.6131992,19.6126022,71.6106873,-38.6717567,-143.2748108
3930,-0.0119709,-19.6131992,17.3147774,145.9007568,-16.4885502,-92.0534363
3940,1.5681942,-19.6131992,8.6909075,172.7099304,8.4885492,-36.9847336
3950,3.5003049,-18.6124287,3.4835455,168.5572510,34.5190849,14.3664122
3960,5.5808558,-16.1105003,2.2242019,162.0686951,58.1603050,52.8702278
3970,7.6159167,-12.8184900,2.0709739,164.3664093,79.1526718,74.3435135
3980,8.4945841,-9.4857788,0.9002152,168.1908417,99.4274826,82.0916061
3990,8.6597834,-6.8425937,-0.7613522,165.2290039,114.3664093,82.3816757
4000,8.2886839,-4.4340386,-1.5203103,155.8320618,127.1984711,80.3206100
4010,7.5345144,-2.3127871,-2.0326669,140.1908417,130.8778687,75.1297684
4020,6.1147599,-0.6129125,-1.4413021,124.1450348,119.7633591,70.3587799
4030,5.1666608,1.1156923,-0.0335187,114.2061081,100.5801544,69.2213745
4040,4.5369892,2.8754215,1.1420283,109.4885483,76.9083939,69.3511429
4050,4.5465660,4.8673873,1.7812769,103.4961853,61.2137413,72.2977066
4060,6.7372489,10.8839855,2.4708035,43.1297722,77.9389343,65.5801544
4070,6.0812411,11.0755205,3.0310438,16.9312973,85.9694672,60.1221390
4080,5.3653784,11.3412752,3.4979107,-1.9923664,71.9236679,56.6259537
4090,6.2224984,12.1840305,4.3358769,-19.7404575,51.9694672,51.9083977
4100,7.3693151,13.0938225,6.3350253,-32.0381660,36.6412201,40.5419846
4110,7.6925306,13.5750542,8.2312231,-37.0687027,27.6870232,26.0610695
4120,7.6446471,13.8312321,9.5719690,-35.6793900,22.5877857,13.7938929
4130,7.3094602,13.9198179,9.7036495,-34.1603050,22.1374054,3.3053436
4140,6.3853035,13.8862991,8.6358414,-40.6793900,24.9083977,-2.4732823
4150,5.9064655,14.0634689,7.7787213,-58.6412201,28.5419846,-4.6870227
4160,5.1211715,14.4585104,9.1434097,-79.8396912,32.3129768,-5.6106873
4170,3.9887197,14.6332855,12.1241751,-89.2442780,26.5419846,-3.1145039
4180,2.8251436,15.2485924,15.3443604,-80.9694672,11.0992365,3.8931298
4190,2.3917952,15.9309368,17.0202923,-62.0610695,-8.4885492,14.6030531
4200,3.0549858,16.6491928,18.2365417,-40.7557259,-26.0305347,26.5190830
4210,5.4874821,17.8247414,17.6236286,-24.0305347,-42.5343513,29.8473282
4220,7.9702568,18.0306416,16.0434628,-21.0152664,-34.0534363,21.1297703
4230,8.5017672,17.8893833,16.1559906,-20.9694653,-19.1984730,9.1145039
4240,7.4650826,17.7792511,16.1512012,-15.1984730,-13.8549614,1.7480916
4250,6.7587967,18.2197819,15.9381189,-4.4503818,-15.0229006,-3.6106870
4260,6.0980005,18.8159351,14.6859579,7.9007635,-19.6412220,-6.3816795
4270,5.9375896,19.4743366,12.6054077,15.7328243,-22.7175579,-11.2900763
4280,5.7149301,19.5341911,9.5192976,15.2595415,-22.3206100,-18.3740463
4290,6.3757267,19.5581341,5.7149301,4.1679387,-19.7709923,-26.8244267
4300,7.4842362,18.5717278,2.0015423,-22.9160309,-11.6641226,-47.2442741
4310,6.4092450,16.9508610,0.2082945,-56.5114517,-12.4045801,-70.7480927
4320,5.9136481,13.3835192,-0.1460456,-83.6030502,-17.3435116,-86.6870193
4330,5.9375896,9.3062143,0.0454896,-98.9389343,-16.8625946,-100.5496216
4340,5.4611464,4.5322008,0.2011119,-102.5419846,-9.1145039,-109.1984711
4350,5.7747850,-1.4101776,-0.8283895,-101.4198456,16.5343513,-111.4732819
4360,5.6143742,-8.2336178,-1.5418580,-97.9083939,40.8091621,-110.8931274
4370,5.5712790,-14.5638542,-0.4237715,-86.1984711,43.2900772,-106.9083939
4380,5.6526814,-19.6131992,0.1149211,-60.6030540,17.7557259,-97.3664093
4390,7.0844064,-19.6131992,-0.8810617,-38.0228996,-38.6717567,-81.2137375
4400,10.4602137,-19.6131992,-4.1730723,-42.7633591,-116.0152664,-70.7099228
4410,13.8647509,-19.6131992,-7.2208753,-94.4732819,-198.5572510,-74.6106873
4420,16.3187962,-19.6131992,-4.2329268,-180.2290039,-244.1755676,-96.3587799
4430,14.4728756,-19.6131992,5.0349803,-250.1374054,-220.8396912,-133.3969421
4440,9.2942438,-19.6131992,17.3459034,-250.1374054,-159.9236603,-175.4580078
4450,-0.0766141,-19.6131992,19.6126022,-235.2900696,-100.8244247,-194.5038147
4460,-9.3852224,-19.6131992,19.6126022,-109.7862625,-88.2748108,-149.9618378
4470,-12.6413202,-19.6131992,19.6126022,52.5801544,-89.7480927,-57.1603050
4480,-7.3381906,-17.3722382,19.6126022,200.8931274,-90.9083939,36.6564903
4490,1.1372399,-15.0355101,13.8408089,250.1297760,-83.0381699,97.7480927
4500,9.2559366,-12.3755655,1.5586174,250.1297760,-45.0152664,123.3893127
4510,14.7936964,-9.8712435,-5.9208307,224.4809113,42.6641235,127.4732819
4520,15.8016500,-7.9654684,-7.3310080,143.2519073,136.3358765,119.9083939
4530,13.7091284,-6.8617468,-3.5003049,85.8931274,197.2366486,113.7328262
4540,10.4745789,-6.1363077,1.5801650,70.2519073,221.3206177,115.4427490
4550,8.1593981,-4.7548604,3.8115497,81.4045792,210.4885559,117.8015289
4560,6.7707677,-3.6415622,4.8147149,105.0687027,179.6641235,119.0381699
4570,6.4858594,-2.5282640,3.0932927,128.1374054,143.9923706,118.2366409
4580,6.3948798,-0.7421987,0.4860204,127.7709961,118.0534363,113.7175598
4590,6.6821828,0.9983770,-0.7014975,108.0076370,97.2213745,106.0076370
4600,8.5472565,7.3070664,8.8345594,8.9312973,54.8015251,46.1603050
4610,7.4004397,7.3884687,6.9216018,-31.0610695,102.0992355,9.1679392
4620,5.0206151,7.3166428,8.4155760,-48.1908379,96.4503784,-3.1832061
4630,3.1603301,6.8856888,10.1178446,-53.6335869,87.8778610,-3.7328243
4640,2.0853391,6.5074067,11.3747940,-51.1908379,87.2824402,6.4427481
4650,2.3367288,6.0309634,11.5471754,-46.6641235,100.7938919,23.3053436
4660,3.2656744,5.8537931,10.5918941,-49.4427490,133.4122162,38.6259537
4670,4.5752959,6.4834652,9.9023676,-58.7862587,166.6030579,45.4580154
4680,5.4970589,7.0772243,9.2750902,-71.8320618,187.4351196,38.6946564
4690,5.1929970,8.4562769,9.3349447,-83.8625946,187.8625946,21.6488552
4700,3.8259149,9.7467451,10.4578199,-89.9542007,157.2061005,-0.5496183
4710,2.3367288,10.0675669,11.8919392,-83.6717529,102.7938919,-20.2748089
4720,1.1827296,10.0148945,12.9046812,-68.7251892,33.2061081,-31.3053436
4730,1.5729824,10.6349897,13.6732159,-55.2366409,-32.2824440,-37.1221390
4740,2.9711890,11.6956158,15.0522690,-47.1297722,-77.2213745,-42.8091621
4750,4.8147149,13.0483322,16.7569313,-40.7938919,-88.3740463,-49.0458031
4760,5.9375896,14.3986549,18.1647148,-35.8931313,-71.2290039,-56.6030540
4770,5.1259594,14.8583393,18.5286331,-30.7480907,-44.8167953,-62.6412201
4780,3.4308734,15.1528254,18.2604828,-23.1297703,-32.9007645,-58.2442741
4790,3.4404502,15.4401274,17.4392757,-18.4503822,-33.8473282,-50.1908379
4800,4.0629396,16.1152897,17.6763000,-14.4732828,-39.5267181,-47.2671738
4810,4.7141590,16.7282009,18.2868195,-4.1603055,-46.7862587,-48.5114517
4820,5.5904322,16.7832680,18.0713425,11.9694653,-55.2366409,-55.2442741
4830,5.4898763,17.0873299,16.5103302,26.0458012,-65.3664093,-65.2671738
4840,5.7963328,16.9053726,14.2909164,30.8931293,-74.2900772,-75.5267181
4850,6.0453281,16.0745888,12.3444405,29.7022896,-72.4122162,-83.9770966
4860,6.9694853,14.8080616,9.7108326,24.2977104,-57.9618340,-93.1068726
4870,6.5672617,12.5982246,6.9670911,13.9847326,-43.0000000,-106.7022934
4880,4.3813667,9.1122847,5.6550756,6.9770994,-41.0000000,-112.6259537
4890,2.1811066,4.7069764,5.7747850,13.2519083,-52.1450386,-102.4656525
4900,0.9983770,0.1316804,6.1147599,34.9160309,-56.9923668,-80.5114517
4910,1.0821736,-5.1690550,5.3342543,63.0381660,-46.0381660,-49.6946564
4920,2.7126167,-9.8832140,3.4284792,88.8473282,-13.4045801,-17.3435116
4930,5.1666608,-14.4034433,-0.0909792,100.6488571,27.5801525,7.9083967
4940,9.1912937,-19.5677109,-4.0557570,84.4809189,56.4045792,18.6717548
4950,15.1336718,-19.6131992,-7.6183109,39.0458031,63.0000000,1.5114504
4960,18.3323078,-19.6131992,-9.6821022,-37.0000000,38.1908379,-52.6564903
4970,16.6108856,-19.6131992,-8.8273764,-137.3816833,-8.5725193,-137.1145020
4980,8.1450329,-19.6131992,-0.1388630,-224.2137451,-65.5038147,-206.1068726
4990,-0.9433106,-19.6131992,13.8072910,-246.8854980,-120.0076370,-240.2977142
5000,-9.4977493,-19.6131992,19.6126022,-170.4198456,-162.4045868,-227.5267181
5010,-16.2014809,-19.6131992,19.6126022,-20.7251911,-150.6183167,-156.6793823
5020,-18.7129841,-19.6131992,19.6126022,135.8091583,-93.8244247,-33.8931313
5030,-12.9166517,-19.6131992,16.8407288,225.4656525,-57.5190849,89.3282471
5040,-2.0901275,-15.9883976,5.6670465,233.0076294,-41.1984749,163.5038147
5050,8.2000990,-11.2095947,-0.2489957,194.7786255,-33.5267181,179.4198456
5060,14.7793312,-6.8928714,-0.5793939,150.7862549,-25.8396950,151.9847260
5070,16.4720230,-4.2472920,1.1180865,116.3587799,-5.9236641,107.4427490
5080,14.4609041,-3.0430148,3.3255291,99.1908417,16.9923668,68.9465637
5090,11.0946741,-2.3798244,4.9440012,91.3511429,32.9007645,48.3129768
5100,8.3365679,-0.8643024,5.4372044,88.2290039,56.8396950,44.0992355
5110,5.0277977,2.3032103,4.8386569,69.5114517,118.7251892,51.1526718
5120,3.5529771,4.2329268,4.8697815,57.0305328,133.4732819,57.3282433
5130,3.1172347,5.7915444,5.1307478,46.9618340,125.9542007,60.6641235
5140,3.5745249,7.6733770,5.7412663,41.0992355,101.6946564,58.5267181
5150,5.7340837,9.8664551,6.5098009,0.0305344,41.2595406,30.0992374
5160,6.3182659,9.6916790,7.9127960,-15.7633591,30.5648861,14.9083967
5170,5.7053533,8.4897957,11.6477318,-15.0229006,2.9160306,-8.5190840
5180,4.7452836,8.2934723,12.3851423,0.5648855,-8.5267172,-14.7022905
5190,3.9815371,8.3293848,11.6405487,15.7099237,-13.9770994,-15.0916033
5200,3.9982965,8.4706421,10.0555954,21.5496178,-8.3740454,-11.2824430
5210,4.5537481,8.8704720,6.7228842,-15.6335878,29.4732819,-14.3969469
5220,3.9408360,8.7316093,7.2472115,-41.5343513,41.9465637,-17.6106873
5230,4.0342093,9.2583303,8.1426382,-61.7022896,44.7251892,-22.2900772
5240,3.2824337,9.7012558,8.8728657,-78.2671738,35.1832047,-31.4351139
5250,2.3343346,9.5576038,10.1561518,-88.0305328,10.9465647,-37.2519073
5260,0.9433106,9.7874460,11.3508520,-88.4427490,-19.1145039,-33.3816795
5270,0.0957676,11.1210098,12.0427732,-86.4809189,-49.3435097,-20.6641216
5280,0.8547257,12.8807392,12.4904861,-86.7557220,-74.8854980,-6.0305343
5290,2.4324965,14.8128500,12.3995075,-92.8702316,-91.9923630,3.9694657
5300,4.6159973,16.5725803,12.8855276,-106.2824402,-95.8931274,4.3740458
5310,7.0269461,18.9428272,14.9301653,-118.6335907,-89.8167953,-7.8625956
5320,8.0899658,19.6126022,17.9564209,-120.1679382,-79.4122162,-28.7404575
5330,7.5464849,19.6126022,19.6126022,-106.6030502,-70.2137375,-49.0534363
5340,6.2536230,19.1630917,19.6126022,-78.5572510,-61.0458031,-62.8320618
5350,4.4651632,18.2700596,19.6126022,-32.8473282,-58.9160309,-67.3129807
5360,3.4619980,17.5015240,19.6126022,23.4580154,-58.3740463,-62.2061081
5370,3.3686244,16.8622761,19.6126022,71.6412201,-52.1526718,-53.8015251
5380,2.5522060,15.9812145,13.3883076,95.8702316,-50.0763359,-45.3129768
5390,2.5761478,14.4345684,7.7739329,100.4198456,-57.2519073,-34.9923668
5400,2.8012016,12.6700506,2.8897867,87.4503784,-66.1221390,-28.2366409
5410,2.2864509,9.8257532,-0.8954269,63.4045792,-76.9542007,-21.9007626
5420,2.2409613,5.6335278,-2.9280937,30.9923668,-78.6793900,-8.4580154
5430,4.5657191,-3.4452386,-1.5227045,-22.4198475,-49.0916023,20.9694653
5440,6.5576849,-7.9726510,0.2250538,-30.6183205,-15.7480917,23.8091602
5450,8.6909075,-11.8272963,1.2401901,-26.4351139,19.2290077,14.0305347
5460,10.4219065,-15.0738173,0.5746055,-21.5190830,43.7175560,-9.3435116
5470,11.9781294,-18.8757896,-1.1324517,-27.6412220,46.2977104,-42.7404594
5480,12.9884777,-19.6131992,-2.8442972,-53.0610695,26.9847336,-81.9694672
5490,11.9948893,-19.6131992,-3.7229645,-100.1221390,-7.7251906,-123.4656525
5500,9.0380650,-19.6131992,-1.8100072,-160.4351196,-49.3435097,-160.6030579
5510,5.0206151,-19.2085819,3.0358322,-214.0915985,-83.5648880,-183.7862549
5520,1.8866212,-18.3490677,9.1481981,-247.2442780,-91.3053436,-196.9770966
5530,-1.8076130,-18.7225609,16.0578289,-244.4122162,-63.0992355,-193.8167877
5540,-6.3685441,-19.0816898,19.6126022,-196.3740387,-30.0458012,-159.4351196
5550,-9.4833841,-17.9851513,19.6126022,-114.3129807,-14.5954199,-94.3511429
5560,-9.0620070,-15.9046001,19.6126022,-13.4351149,-12.7328243,-13.5496187
5570,-4.7333126,-13.9605188,19.6126022,79.8931274,-8.1374044,56.9160309
5580,0.7829000,-12.1553001,15.2222567,146.1984711,14.2595415,105.7404556
5590,5.4348102,-9.8664551,9.0883436,176.9694672,45.8396950,132.2824402
5600,8.8034344,-7.6901364,3.6295912,173.0992432,75.6030502,139.0305328
5610,10.5847120,-5.9088597,0.8331779,147.9770966,100.2061081,131.2442780
5620,10.4506369,-4.8578105,0.8307837,122.8854980,113.8702316,117.3511429
5630,9.4714136,-4.1275826,1.7764885,107.3435135,111.0457993,103.7328262
5640,8.3078375,-3.2824337,2.8442972,100.6412201,100.4274826,93.7633591
5650,7.4076223,-2.4516499,3.2321558,97.1755753,90.0763321,85.1526718
5660,5.8537931,-0.8882443,3.7085996,89.9694672,86.3740463,81.3129807
5670,4.6950054,6.2775645,7.7380204,6.9083967,40.0076332,56.4961815
5680,5.6167684,6.0333576,8.3389616,3.2442749,27.1450386,46.5190849
5690,5.8944945,6.0405402,9.2990322,-9.0305347,25.0000000,2.0534351
5700,4.5872669,6.4499464,9.5647869,-13.3740454,29.7099228,-10.4885492
5710,2.9185169,6.7252784,9.6270361,-17.8625946,30.1297703,-14.6717558
5720,1.9560528,6.2153158,9.6725254,-22.9083977,27.6870232,-9.4274807
5730,1.9799947,5.3653784,10.6517487,-31.2824421,16.1297703,13.5725193
5740,3.3638363,5.2073622,11.2215662,-31.7022896,16.6717548,21.9694653
5750,4.7596488,5.3629842,11.5567522,-30.8091602,25.4274807,22.5038166
5760,5.2097564,5.4252334,11.4514084,-29.9389305,36.0458031,16.3358784
5770,4.8673873,5.5018473,11.4178896,-27.7938938,41.7404594,6.9083967
5780,3.6798692,5.5281835,11.1281929,-22.4732819,38.5267181,-1.3435115
5790,2.6623387,5.5688848,10.6780853,-16.2213745,29.4656487,-5.8473282
5800,2.0757623,5.2001796,10.0220766,-11.7633591,15.8702288,-6.5648856
5810,1.7357874,4.7165532,9.3062143,-11.2442751,-1.2366412,-3.5496182
5820,1.9847831,4.2951760,9.0596132,-15.0534353,-19.9389305,0.8854962
5830,2.5019281,4.0078731,9.6174593,-19.6564884,-34.8702278,4.8244276
5840,3.1555417,3.9815371,10.4602137,-20.5038166,-43.6030540,6.7404580
5850,3.8235207,3.6487448,10.9390516,-17.9618320,-43.8244286,6.2137403
5860,4.1587071,3.5098817,11.2048063,-14.1832066,-37.3587799,3.8091602
5870,4.0030847,3.3375001,11.4226780,-10.3435116,-23.4045811,1.1374046
5880,1.4269369,3.3566537,9.2798786,-11.1221371,52.6488533,16.4503822
5890,1.3766589,3.2680686,9.0476418,-15.0076332,50.7709923,21.6412220
5900,1.9009864,3.4284792,9.0859489,-17.5801525,39.8015251,24.4198475
5910,2.9520357,3.6224086,9.2248116,-19.3053436,23.7709923,21.3358784
5920,4.0246325,3.6990228,10.0795374,-21.0687027,-7.3664122,-1.3206106
5930,3.9432299,3.4021432,10.6445665,-20.1755733,-15.8320608,-11.6183205
5940,3.5745249,2.9951310,11.0994625,-17.6717548,-16.8778629,-16.6564884
5950,3.2225790,2.6120608,11.3580351,-13.9236641,-14.1297712,-17.3435116
5960,3.0071020,2.2816625,11.3197279,-10.2366409,-8.9770994,-14.4809160
5970,2.9065459,2.0757623,11.2263546,-6.6488547,-3.2900763,-9.9465647
5980,3.1962428,1.8626794,10.6876621,1.5419847,3.9923663,-2.5343511
5990,3.2967989,1.8483143,10.5703468,3.0381680,3.4732823,-4.4503818
6000,3.3015873,1.8483143,10.3069859,3.3740458,5.0229006,-7.4961834
6010,3.0118904,1.6807210,10.1729107,2.4580152,8.1145039,-9.5190840
6020,2.7293761,1.5107336,10.0005293,-0.3358779,10.1679392,-10.1221371
6030,2.4109488,1.3886299,10.0053177,-2.7633588,10.1603050,-9.3969469
6040,2.2601149,1.3694763,10.3979645,1.4503816,3.2671757,-8.0000000
6050,2.1308286,1.5107336,10.1848822,3.8396947,0.2137405,-8.3282442
6060,2.3343346,1.8770446,9.8305416,3.9694657,-6.2671757,-6.0229006
6070,2.4420733,2.0877333,9.7898407,1.5038168,-7.5877862,-4.6259542
6080,2.5306582,2.4396791,10.0053177,-2.5954199,-7.8015265,-3.3358779
6090,2.6982515,3.1507533,10.2902260,-7.0229006,-6.7022901,-0.0534351
6100,2.8179610,4.2425036,10.7403336,-12.2824430,-4.4427481,4.0305343
6110,2.9831600,6.0094156,11.2000179,-19.2519093,-3.2595420,9.0381680
6120,3.1387823,7.8026633,11.6860390,-28.1603050,-5.2213740,12.1526718
6130,3.3279233,9.6030941,12.4066896,-38.7175560,-8.6641226,12.9923668
6140,3.7540891,10.8696203,13.2757807,-51.0381660,-13.3511448,10.4656487
6150,4.2448978,12.0403786,14.6380739,-62.4885483,-18.8778629,4.0229006
6160,5.0493455,13.6349087,16.5462437,-69.1679382,-23.9541988,-6.1221375
6170,5.3749552,14.9469252,18.7800217,-68.6030502,-23.4809170,-20.9007626
6180,5.0972295,15.2773228,19.6126022,-56.5954208,-20.4732819,-36.9389305
6190,4.2448978,14.4656925,19.6126022,-33.4656487,-16.4885502,-47.2519073
6200,2.0781565,14.1520538,19.6126022,-5.6564884,-12.6030531,-44.3816795
6210,0.6009415,14.3148584,19.6126022,23.6870232,-18.4809170,-29.2519093
6220,0.5793939,14.3914728,18.0689487,53.1908379,-33.1374054,-12.9389315
6230,1.6017127,13.9868546,14.6284971,76.4961853,-57.6412201,-2.7862597
6240,3.3853838,13.0291786,10.5104914,87.6564865,-82.4503784,-2.5725191
6250,4.5872669,11.2670555,6.4499464,86.2900772,-103.5648880,-10.2061071
6260,4.4340386,8.6549950,3.3255291,74.3282471,-118.6488571,-17.0305347
6270,4.3502421,5.1690550,1.4604555,57.2671738,-120.9465637,-16.4656487
6280,4.7476778,1.1061156,0.4716553,42.9083977,-115.6564865,-12.1221371
6290,5.4204450,-2.6982515,-0.0837966,31.3893127,-107.9694672,-6.4503818
6300,7.0772243,-6.7324610,-0.0766141,21.8625946,-95.3206100,-5.2519083
6310,8.9829988,-10.5080976,-0.5841822,11.4045801,-74.3969498,-16.7099228
6320,10.4506369,-14.0491037,-0.7086801,-1.7709924,-57.4885483,-38.1145020
6330,11.3891592,-16.9436779,-0.5075682,-17.4732819,-51.0000000,-63.1450386
6340,12.1409349,-19.5533447,-0.4740495,-34.7099228,-58.1374054,-89.9618301
6350,13.0650921,-19.6131992,-0.1556223,-58.9083977,-73.7938919,-120.0992355
6360,12.8567972,-19.6131992,0.6081241,-91.3511429,-82.9542007,-153.8702240
6370,10.4003592,-19.6131992,2.7054341,-132.4427490,-74.1068726,-188.7328186
6380,6.3685441,-19.1176033,6.4595232,-167.3740387,-43.7099228,-220.2366486
6390,0.4261657,-18.3921642,11.4897156,-178.5190887,-5.3587785,-237.6259613
6400,-6.1698260,-18.7800217,16.3714676,-154.2213745,16.9312973,-224.3282471
6410,-10.2998028,-18.9571915,19.2133713,-94.3511429,15.3129768,-175.8015289
6420,-10.4913378,-17.7361546,19.2588596,-16.1526718,3.8931298,-106.8320618
6430,-8.5568333,-15.7585554,16.7545376,56.6412201,-8.9007635,-38.4580154
6440,-5.0517397,-14.3148584,13.2997227,110.5801544,-20.4656487,21.3129768
6450,-0.6560079,-13.1393118,9.6342182,145.7557220,-22.2366409,67.6641235
6460,3.3877780,-11.7913828,6.6869712,162.5801544,-10.5114508,100.9389343
6470,7.5680327,-10.2638903,4.0988522,164.3206177,10.1832066,117.9694672
6480,10.4219065,-8.8369532,2.7174051,155.9618378,41.3282433,120.6488571
6490,11.1521349,-6.7611909,1.9799947,145.6412201,80.0076370,115.3664093
6500,10.2040358,-4.4364328,1.7788827,133.9160309,112.8549652,108.6641235
6510,8.5065556,-2.0997043,1.6783268,123.7938919,132.6106873,106.1908417
6520,6.9216018,0.4716553,1.4053892,112.0457993,139.8625946,106.5648880
6530,6.3350253,2.7724714,0.7876883,96.4351120,137.0763397,107.3664093
6540,6.4571290,4.2999644,0.7685348,73.3129807,128.2290039,103.8473282
6550,7.3310080,5.1906028,1.5681942,49.9083977,114.3511429,93.5419846
6560,7.6470413,5.9351954,3.2967989,30.2137413,103.0763321,80.5648880
6570,6.1099715,8.4610653,6.2775645,2.8015268,75.8244247,51.7099228
6580,4.1730723,7.6542239,9.0644016,4.2442746,9.1679392,37.7557259
6590,4.7189474,8.5759869,8.8585014,-24.3816795,47.9007645,34.4656487
6600,4.9583664,8.5688038,9.4785957,-34.7099228,55.9694672,24.4656487
6610,4.4795284,8.2072811,10.2016411,-37.6183205,50.4274826,9.4503813
6620,3.5864959,7.7164726,10.8768024,-33.1832047,33.6259537,-4.1679387
6630,2.8562679,6.9000540,11.0108776,-24.4732819,11.4274807,-12.8244276
6640,2.4372849,6.2057390,10.8145542,-15.9160309,-8.4732828,-16.2748089
6650,2.1236460,6.1003947,10.6661139,-9.4427481,-19.9007626,-14.4885492
6660,2.1116750,6.2201042,10.1537571,-7.0839696,-19.5954189,-9.1297712
6670,2.1475880,6.5792327,9.4570484,-11.6717558,-8.1526718,-2.4503818
6680,2.4516499,6.6630292,9.0739784,-21.9465656,9.5190840,2.9160306
6690,2.2218077,5.5233951,10.4578199,-34.6641235,19.0992374,2.0610688
6700,2.5258698,4.8147149,10.7954006,-20.6335869,-11.7099237,-2.1984732
6710,2.7102225,4.6136031,10.6230183,-12.3587790,-25.5877857,-4.8015265
6720,2.9879484,4.4507980,10.4410601,-4.7862597,-36.9160309,-7.5038166
6730,3.2991931,4.2448978,10.1776991,-0.3816794,-42.5267181,-9.4503813
6740,3.5745249,4.1970143,9.7730818,-0.6717557,-37.8702278,-10.6946564
6750,4.0796990,4.2018023,9.4690189,-5.0839696,-22.8473282,-12.1068707
6760,4.2401094,4.0725164,9.2631187,-11.6183205,-2.4503818,-14.9312973
6770,3.8690102,3.8522508,9.1218615,-20.1297703,18.5496178,-17.2213745
6780,3.2106080,3.6391680,9.2942438,-26.6335869,35.3893127,-17.4198475
6790,2.4636209,3.3949606,9.6366129,-28.4198475,41.5496178,-15.7328243
6800,1.9368993,2.9855542,10.1202393,-25.0687027,36.9694672,-13.1832066
6810,1.4867916,3.0166788,10.3165627,-17.9923668,24.7022896,-9.3129768
6820,1.3790531,3.2465210,10.3620520,-10.3511448,9.6183205,-4.1450381
6830,2.6216373,4.1515245,9.9789820,-2.3129771,-6.8625956,3.3816793
6840,3.3734128,4.6830344,9.8018112,-5.2290077,-3.3664122,2.6564887
6850,3.7876077,4.9727316,9.7874460,-11.5954199,5.5038166,0.1908397
6860,4.1874375,5.1714492,10.1417866,-19.1145039,14.9083967,-2.6793892
6870,4.4938936,5.4683285,10.8791971,-23.7633591,22.2519093,-6.6641221
6880,4.4292507,5.7939386,11.3077564,-24.9923668,24.6259537,-11.2519083
6890,3.9001346,6.2464404,11.7794123,-23.6641216,22.8702297,-13.3129768
6900,3.3279233,6.8258343,12.1241751,-22.2748089,18.3435116,-12.0458012
6910,2.9185169,7.5440907,12.1720591,-22.4351139,13.3206110,-7.9160304
6920,2.9664006,8.5065556,12.4186611,-24.7404575,7.8015265,-3.9007633
6930,3.1124463,9.1481981,12.8615856,-28.5419846,1.4885496,-2.7786260
6940,3.0693510,9.6557665,13.8958759,-30.7251911,-3.3587787,-4.4427481
6950,2.9496415,9.9717989,15.2773228,-27.2519093,-7.6412215,-6.7633586
6960,2.9640064,10.3333216,16.1464138,-17.2290077,-12.0381680,-8.9312973
6970,2.7078283,10.6924505,16.6324348,-4.3206105,-16.1755733,-11.3969469
6980,2.1763182,10.5080976,16.2685165,11.0152674,-19.9694653,-12.3587790
6990,1.6783268,10.1657286,15.3730907,27.4198475,-28.7099228,-10.5419846
7000,1.3335636,9.8042059,13.9796724,41.1755714,-41.2290077,-6.8702292
7010,1.1635761,9.3445215,12.3947191,51.6793900,-57.6183205,-1.2137405
7020,1.5993185,8.9422979,10.6804790,57.7022896,-73.0457993,5.8473282
7030,2.3343346,8.7555504,9.0739784,55.7175560,-82.3282471,10.5954199
7040,3.1459649,8.5065556,7.6159167,44.3206100,-77.9160309,13.1450386
7050,3.9863255,7.8122401,6.2655940,23.1832066,-60.4198456,12.7633591
7060,4.4244623,6.8497758,5.7723908,-1.8091604,-39.1755714,10.3129768
7070,4.6758518,5.4826937,5.6718349,-22.6793900,-22.8473282,5.2061067
7080,4.0820932,4.0366035,5.9758968,-35.1145020,-17.7404575,-1.3053435
7090,3.4715748,3.1004753,6.6510582,-34.7022896,-34.6030540,-6.3893127
7100,3.3422885,1.9392935,6.9670911,-24.5114498,-69.5267181,-10.5648851
7110,3.8737986,0.7972651,6.5648675,-11.9236641,-102.9389343,-13.5648851
7120,4.6303625,-0.6177009,5.5712790,-1.4198474,-126.7709961,-17.2290077
7130,5.5329719,-1.9823889,4.5154414,3.4961832,-142.0763397,-20.9236641
7140,6.6606350,-3.3829896,3.8043671,0.7175573,-142.7404633,-24.0687027
7150,7.6302819,-4.9990678,2.7174051,-8.1832066,-125.8702316,-27.6870232
7160,8.1330614,-6.6079631,2.0135133,-22.9389305,-103.3969498,-34.7404594
7170,8.3389616,-8.2336178,2.0494261,-38.7099228,-88.8091583,-45.2519073
7180,8.5233145,-9.5240860,2.5905130,-53.6870232,-80.8778610,-56.9771004
7190,8.3676920,-10.5224628,3.1028695,-67.1297684,-74.5267181,-71.1679382
7200,7.3741035,-11.3795824,3.7349355,-79.8625946,-73.6717529,-84.0305328
7210,6.3254485,-11.7722292,4.6973996,-94.0457993,-76.5954208,-89.7099228
7220,5.4204450,-12.0738974,6.2943239,-105.5572510,-74.4198456,-88.3206100
7230,4.6973996,-11.5543585,8.4921904,-109.9083939,-60.7099228,-84.3893127
7240,3.5793133,-10.3716288,10.5583754,-105.9923630,-35.3893127,-81.5572510
7250,1.6902977,-9.6461897,12.0978394,-94.7022934,-6.7480917,-78.0839691
7260,-0.5315101,-9.2918491,13.5008345,-76.4427490,13.5267172,-64.4732819
7270,-1.6759326,-9.2296000,14.5973730,-49.5419846,24.0839691,-38.5267181
7280,-1.2545552,-8.9710283,15.1695843,-16.2442741,28.2213745,-7.6335878
7290,-0.0263361,-8.3916340,14.4944229,20.3206100,33.3129768,22.0839691
7300,1.7501525,-7.4794478,12.5934362,51.6641235,39.9771004,45.2671738
7310,3.7660601,-6.5624733,10.5990763,73.9847336,48.0916023,59.2900772
7320,5.5090299,-5.6814117,8.9446917,88.4809189,54.5496178,64.0381699
7330,6.4834652,-4.8889351,7.2017217,94.3587799,60.0763359,63.2137413
7340,7.1514440,-4.3023586,5.7628140,92.1679382,62.8931313,60.3435097
7350,7.6614060,-4.1467361,5.0014620,84.7633591,63.3893127,56.2595406
7360,8.0061693,-4.1419477,4.9032998,74.5419846,63.3587799,51.4274826
7370,7.8505473,-3.7373297,5.2648225,66.3129807,64.4809189,47.8473282
7380,7.6949248,-3.0861101,5.7484488,59.9923668,69.8320618,46.9465637
7390,7.6949248,-2.4588325,6.0525107,55.2213745,81.0076370,46.1221390
7400,7.2232695,-1.2832855,6.4116392,50.5190849,97.0916061,44.9694672
7410,6.9958215,-0.2873027,6.6702118,47.6488533,107.3053436,41.9007645
7420,6.8090749,0.2609667,6.5959921,46.6946564,111.6183243,33.9389305
7430,5.8418221,0.4812321,6.4164276,46.8854980,106.7862625,23.9007626
7440,1.7405758,5.5233951,4.7907729,48.7709923,-14.7480917,21.9007626
7450,2.6096666,5.4228392,4.7045822,33.7251892,-18.7862587,22.9389305
7460,3.5434003,5.5233951,5.0541339,14.5648851,-11.9083967,23.2366409
7470,3.8163381,6.4140334,5.7101417,-3.4503818,0.9694657,23.5343513
7480,4.3622131,6.5720501,6.4403696,-17.3435116,11.1297712,24.4122143
7490,4.4292507,6.9168134,7.2639709,-27.5267181,18.9312973,23.2671757
7500,4.1850433,7.9175844,7.9774394,-36.2366409,27.7404575,21.3816795
7510,3.9288650,8.4850073,8.4730368,-42.6106873,35.6793900,16.8854961
7520,3.1315999,6.6438756,9.1673517,-49.6946564,17.1603050,-2.2061069
7530,2.6743097,5.1451130,9.9526453,-57.0763359,-7.8015265,-2.4961832
7540,2.4372849,5.2863703,10.8552551,-59.4427490,-14.2290077,6.2595420
7550,2.8035958,5.3869262,11.8440552,-59.1526718,-10.6946564,18.3129768
7560,3.4284792,5.3988972,12.5958309,-55.9236641,1.6946565,30.4122143
7570,3.8809812,5.2265158,13.0435438,-48.9771004,15.1297712,40.6183205
7580,4.6614871,4.9032998,12.9118633,-41.0458031,23.6717548,47.6183205
7590,5.3174949,4.6566987,12.3204985,-35.5572510,27.5801525,48.5114517
7600,5.6981707,4.5896611,11.7746239,-32.5496178,28.9694653,43.9771004
7610,6.0357518,4.4651632,11.4873209,-31.7786255,26.2671757,34.3969460
7620,5.9351954,4.3933377,11.5543585,-31.8931293,20.8244267,20.2137413
7630,5.4850879,4.2018023,12.2438850,-29.5725193,16.4427490,5.3740458
7640,4.5585365,3.8259149,12.7322998,-23.0076332,12.7557249,-5.9389315
7650,3.7253587,3.5888901,12.9597473,-14.3816795,8.9389315,-10.3129768
7660,2.6096666,4.1395535,12.2247314,8.7328243,16.8854961,8.7099237
7670,3.2584918,4.8482337,11.3987360,10.0152674,26.8167934,15.0916033
7680,3.9097114,5.7915444,10.0292597,-1.0610687,46.7022896,18.6335869
7690,3.3183465,6.5648675,10.3117743,-12.5725193,37.4045792,11.0992365
7700,2.8754215,6.7013364,10.9103212,-11.4351149,15.4198475,6.6641221
7710,2.8466914,6.8354111,11.2574787,-7.3206105,-11.9236641,1.4045801
7720,3.1148405,6.7731619,11.6716738,-2.6793892,-37.3664131,-3.0839694
7730,3.5362179,6.7013364,12.0571384,1.9236641,-55.7175560,-6.0992365
7740,3.8019729,6.7085190,12.3109226,4.9389315,-64.6717529,-8.0687027
7750,3.8402798,6.7707677,12.5814657,6.7480917,-63.7175560,-9.0152674
7760,3.4452386,6.8282285,12.5096397,8.8244276,-58.7709923,-7.7862597
7770,3.3973548,7.0221577,12.2965574,11.0687027,-53.4122124,-5.0458016
7780,3.2106080,7.1897511,11.7027979,13.7633591,-50.6641235,-1.5496184
7790,3.2728570,7.2089043,11.0467901,16.5801525,-54.7022896,0.0305344
7800,3.6080434,7.2328463,9.9430685,18.4503822,-60.9389305,-0.3206107
7810,3.8737986,7.4219875,8.8201942,17.9160309,-67.8167953,-3.0076337
7820,4.1036406,7.6111283,7.9032192,13.5038166,-73.0763321,-8.6335878
7830,4.3358769,7.6829538,7.0508881,4.8702292,-71.2900772,-13.8396950
7840,4.4005203,7.0915890,6.2679882,-10.9541988,-55.8778610,-16.2366409
7850,3.9815371,6.4978304,5.6909885,-31.9007626,-31.7175579,-14.4427481
7860,3.5841017,6.0309634,5.8777351,-51.2442741,-14.2900763,-10.3435116
7870,3.4787574,5.2384863,6.4714942,-64.5877838,-5.0763359,-6.1297708
7880,3.8402798,4.2113791,7.3142486,-68.7709961,-7.0687022,-3.7938931
7890,4.3191175,3.3446827,8.0301113,-63.5496178,-19.6488552,-5.1068702
7900,4.9679432,2.4348907,8.6645718,-48.5038185,-40.4274826,-8.2442751
7910,6.1219425,0.9217629,8.7938576,-27.1374054,-64.2290039,-14.0152674
7920,7.1011658,-0.6033357,8.3533268,-3.7786260,-81.7557220,-23.0610695
7930,8.2096758,-2.4181314,7.1945391,18.0000000,-94.6030502,-33.6259537
7940,9.1434097,-4.3286943,5.5712790,31.6717548,-98.0534363,-46.9541969
7950,9.5983057,-6.3853035,4.0174499,34.2824440,-87.9618301,-60.0534363
7960,9.3229742,-8.3150196,2.4516499,25.3206100,-66.3206100,-71.4580154
7970,8.4850073,-9.8712435,0.9409165,2.0763359,-41.3206100,-77.3740463
7980,7.4531116,-11.0874910,0.4836263,-32.7328262,-5.9007635,-77.6946564
7990,5.7795734,-11.4178896,0.7469871,-75.1908417,41.5114517,-71.1603088
8000,3.8043671,-11.3484583,2.6814921,-114.7786255,82.1603088,-61.9083977
8010,2.3726418,-11.1449518,5.0014620,-138.4045868,103.4198456,-55.7251892
8020,1.1755470,-10.7139978,7.5967631,-144.9160309,104.3206100,-53.0610695
8030,0.2442073,-10.0675669,10.2902260,-132.8702240,85.0916061,-52.6335869
8040,-0.4309541,-9.3397331,12.2127600,-107.5267181,49.8320618,-50.2442741
8050,-1.0917504,-8.2671366,13.4721041,-74.2900772,10.6335878,-43.3129768
8060,-1.4652439,-7.5129666,13.9892492,-37.7099228,-22.2061062,-30.8549614
8070,-1.2689204,-7.0173693,13.8408089,-1.7480916,-38.4885483,-11.0000000
8080,-0.2849085,-7.0389171,13.0124197,27.5038166,-35.8702278,13.8931293
8090,1.2114599,-6.6893654,11.8967276,48.6641235,-22.8549614,39.5190849
8100,3.1627243,-6.2799587,10.3165627,61.7709923,-9.0076332,60.1297722
8110,7.3669209,-5.4994531,8.0109577,66.7251892,18.4351139,74.2519073
8120,8.8297710,-5.5760674,7.8601241,64.7404556,29.8549614,67.2366409
8130,9.3995876,-5.5497313,7.8098459,63.7328262,36.1984749,54.5343513
8140,9.4283180,-5.6718349,7.6542239,65.2900772,39.8931313,39.4809151
8150,8.7555504,-5.9471664,7.7164726,69.0000000,43.5114517,27.1603050
8160,7.8361821,-5.8944945,7.5680327,73.6946564,47.6335869,20.7709923
8170,6.4834652,-5.5210009,7.2400289,76.3206100,51.0305328,20.2824421
8180,5.2767935,-4.1922259,6.4547348,75.3358765,48.6412201,25.8091602
8190,4.9918852,-3.0765336,5.6933827,69.3893127,46.6412201,31.4580154
8200,5.3677726,-2.3941894,5.4180508,62.0228996,47.7862587,33.7633591
8210,5.5018473,-1.8100072,5.3198891,53.9160309,47.1908379,34.0000000
8220,5.6885943,-1.0223188,5.3653784,45.3358765,49.2137413,33.7709923
8230,6.1698260,-0.0430954,5.4228392,34.7328262,60.2671738,32.0992355
8240,5.0062504,3.1842721,5.4300218,1.9541985,98.5267181,19.0992374
8250,3.8330972,4.3334827,6.1961622,-10.0992365,102.2290039,9.9770994
8260,1.7357874,3.9911139,7.4291697,-19.6793900,74.6030502,-0.9389313
8270,1.1707586,3.9049230,8.4227581,-22.7404575,53.3053436,-0.2519084
8280,-0.0718257,5.5305777,8.7435799,-25.9083977,30.6259537,12.0229006
8290,2.1475880,3.7157819,9.8975792,-27.2748089,13.0305347,16.2824421
8300,2.3917952,4.6973996,10.8313131,-21.6564884,12.4198475,12.5343513
8310,1.9728121,6.2560172,11.8249016,-11.5496187,7.9007635,11.1755724
8320,2.3965836,5.6790175,9.9885588,4.2061067,19.2366409,19.3893127
8330,2.9711890,5.3414369,10.1274214,-2.4732823,11.6564884,27.0229015
8340,5.6550756,5.6024032,10.5751352,-13.0076332,15.5267172,18.5954189
8350,5.9136481,5.8178802,10.9558105,-15.7251911,23.6641216,5.2519083
8360,5.5640965,5.9758968,11.2072010,-17.1603050,30.2366409,-9.7404585
8370,4.3382711,6.0501165,11.0755205,-17.3129768,32.7633591,-23.1297703
8380,3.0094962,5.7125359,11.0539722,-15.6488552,27.4885502,-31.4580154
8390,1.9512644,5.2241216,11.0803089,-13.1832066,17.6717548,-34.9541969
8400,1.4820032,4.7476778,11.2407198,-9.4961834,5.5877862,-35.9236641
8410,1.1779412,4.1036406,11.1904411,-6.4885497,-4.4656487,-33.5419846
8420,1.0127422,3.6200144,11.3053627,-5.5572519,-8.7633591,-28.7480907
8430,1.1156923,3.2345500,11.4921093,-5.3664122,-8.2671757,-23.4427490
8440,1.2952565,3.0262554,11.6525202,-5.0152674,-6.0839696,-19.2748089
8450,1.2377959,2.9209111,11.9709473,-3.2290077,-3.9618320,-16.2824421
8460,1.1611819,2.8706331,12.0523500,1.8091604,-2.1832061,-12.9389315
8470,1.1252691,2.7772598,11.3412752,13.7022905,-0.2977099,-4.9160304
8480,0.9672526,2.9233053,10.2782555,15.7099237,6.3816795,5.4274807
8490,1.4101776,3.3518653,9.6749191,18.5877857,6.0992365,19.9160309
8500,2.0159075,3.6559272,9.1146793,18.3206100,1.2290076,23.7328243
8510,3.4260850,4.3502421,8.5759869,11.7175570,-12.4961834,18.2595425
8520,4.0198441,4.6614871,8.3676920,2.8854961,-17.0992374,9.7175570
8530,3.9719603,4.9655490,8.8656836,-7.8015265,-18.0305347,-0.2366412
8540,3.5553713,5.0613165,9.6725254,-17.5267181,-16.9236641,-7.2900763
8550,2.9520357,5.1977854,10.7187862,-24.5267181,-16.2595425,-10.0534353
8560,2.2888451,5.5042415,11.7961712,-28.2519093,-17.1603050,-9.5725193
8570,1.6424140,6.1363077,12.8184900,-28.3435116,-18.7938938,-6.5038166
8580,1.3144100,6.5409255,13.8934813,-24.5496178,-22.3282452,-1.0305344
8590,1.4053892,6.8473821,14.6524391,-17.0458012,-26.0839691,6.0687022
8600,2.1380112,7.4722652,15.0187502,-7.0229006,-25.8244267,12.0916033
8610,2.6958573,8.2024927,14.5925846,3.1450381,-22.8931293,14.1526718
8620,3.2201848,8.8465300,13.6109667,8.6259546,-18.6717548,13.3435116
8630,3.5912843,9.1362267,12.6221666,10.7251911,-12.9465647,10.2137403
8640,3.7923961,9.0739784,11.3460636,8.7862597,-8.6793890,5.0839696
8650,3.5434003,8.6238708,9.9071560,2.5038168,-9.4580154,-1.5038168
8660,3.3949606,8.1163025,8.9949694,-5.9312978,-18.2748089,-7.1068702
8670,3.5553713,7.6877422,8.7699156,-13.3587790,-33.9007645,-12.6641226
8680,3.6607156,7.3118544,8.9399033,-17.8625946,-50.3587799,-20.1221371
8690,3.9935081,6.9072366,9.1745338,-18.7328243,-65.2824402,-29.0305347
8700,4.2879934,6.1554613,9.3349447,-14.7557249,-78.5114517,-41.4274826
8710,3.7636659,5.7867560,8.8585014,-8.2748089,-95.9694672,-51.0228996
8720,3.7253587,5.0828643,7.9870162,-2.0076337,-117.2671738,-57.0458031
8730,4.0198441,4.3095412,7.3214312,0.0305344,-132.3129730,-59.3129768
8740,4.0844874,3.7277529,6.6271162,-2.9007633,-133.2061005,-57.5038185
8750,4.5872669,2.9975252,6.0884237,-10.3893127,-114.3129807,-51.6564903
8760,5.1546898,1.6687500,5.2839761,-24.4198475,-79.1450348,-43.9312973
8770,5.1762376,0.2250538,4.6973996,-41.8091621,-41.0458031,-36.9083977
8780,4.9344244,-1.1587877,4.6495161,-56.2442741,-13.5190840,-31.1374054
8790,4.6016321,-2.5737536,5.3725610,-60.9847336,-9.2671757,-27.5954189
8800,4.8099265,-4.1802549,5.7101417,-55.9541969,-21.6717548,-25.6870232
8810,5.8154860,-5.7125359,5.6622581,-46.1908379,-43.4656487,-25.2137413
8820,7.9127960,-6.6965480,5.1977854,-35.9465637,-61.9083977,-32.1068687
8830,9.1051025,-7.3836803,4.2903876,-31.7557259,-74.7328262,-49.4122124
8840,9.4331064,-7.8553357,3.3135581,-36.7175560,-83.1755753,-69.2748108
8850,9.1553802,-8.8656836,2.5162930,-51.3816795,-86.7938919,-87.1679382
8860,8.5281029,-9.5264797,2.7916248,-72.8473282,-83.6259537,-100.3282471
8870,7.5249376,-9.8257532,4.1227942,-94.0992355,-69.7557220,-105.2137375
8880,6.0980005,-10.0867205,5.4994531,-111.2671738,-45.1297722,-103.4198456
8890,4.6327567,-10.3524752,6.7013364,-124.3358765,-20.2442741,-95.5114517
8900,2.7269819,-10.1393919,8.6071110,-130.6870270,1.0916030,-81.5725174
8910,1.5873476,-9.4450769,10.9270811,-124.9770966,17.3511448,-63.8091621
8920,1.2665262,-8.5711985,12.9070749,-106.5877838,33.8320618,-46.6183205
8930,1.2880739,-7.8457589,13.9533358,-80.3664093,50.4732819,-31.0839691
8940,1.4173602,-7.1155310,14.2550039,-48.9847336,66.7557220,-17.3587780
8950,1.4341195,-6.5959921,13.5367470,-17.0610695,79.1755753,-2.7633588
8960,1.8554969,-6.5193777,12.0260134,8.2442751,85.8396912,11.5572519
8970,2.7437410,-6.2440462,10.8361015,26.2061062,86.6793900,23.2061062
8980,3.5026991,-5.8298512,9.7922344,41.7022896,84.6717529,31.6259537
8990,4.0844874,-5.6981707,8.7938576,53.8244286,78.6030502,37.3129768
9000,4.7668314,-5.8849177,7.6829538,61.0916023,71.1603088,40.8396950
9010,5.3438311,-5.9639258,6.9982157,63.6564903,66.2290039,41.9236641
9020,5.9375896,-6.3374195,6.2727766,61.3282433,65.3740463,41.8015251
9030,6.3206601,-6.8880830,6.2799587,56.8320618,67.7022934,40.8931313
9040,6.4451580,-7.3884687,6.8617468,55.1068687,74.6259537,41.2824440
9050,6.5959921,-7.6542239,7.2855186,58.3816795,82.1832047,43.3129768
9060,5.9615316,-6.8282285,7.8050575,65.9160309,93.8091583,47.1374054
9070,4.9751258,-5.2360926,7.8074517,75.5877838,103.0000000,53.5190849
9080,4.4555864,-3.7947903,7.4507174,84.8854980,104.0610657,59.1526718
9090,4.4531922,-2.9280937,7.0053983,92.4961853,96.3587799,61.5954208
9100,4.6566987,-2.3606708,6.2368636,97.4045792,80.0000000,61.3206100
9110,5.3390427,-1.6280488,5.6311336,101.2061081,59.9083977,59.4045792
9120,6.4547348,-0.4141948,5.0589223,95.4427490,46.0534363,53.6488533
9130,6.2153158,5.2025738,5.2480631,50.5801544,60.7709923,4.5725193
9140,4.3334827,5.0565281,5.6550756,32.7938919,72.1755753,-10.0229006
9150,2.0135133,4.8003497,6.8330169,20.4274807,64.4274826,-15.6564884
9160,0.7972651,4.4914994,7.8960366,15.4122133,42.8244286,-13.1297712
9170,1.0462608,4.9703374,9.1984758,13.3282442,18.6183205,3.0839694
9180,1.7381816,5.4898763,9.1027079,8.2977095,24.4885502,9.2442751
9190,-0.4261657,6.7564025,10.0508070,-28.4198475,37.4961815,-0.9312977
9200,-1.1013272,5.9687142,10.6924505,-29.0000000,15.3511448,-0.4351145
9210,-1.1659702,5.2432747,11.2742386,-24.3282452,-12.1221371,3.5725191
9220,-0.9576758,4.6016321,11.5256281,-19.1450386,-35.8396950,8.3740454
9230,-0.2896969,4.4867110,11.8129311,-16.5954189,-49.1145020,14.9007635
9240,0.8762733,4.4699516,12.2199430,-13.8396950,-49.9923668,20.0305347
9250,1.9392935,4.5920553,12.4114780,-11.6717558,-40.4122124,22.4732819
9260,2.4779861,4.6495161,12.1265697,-11.1068707,-18.1908398,23.3435116
9270,2.6096666,4.7333126,11.7985659,-14.2366409,9.8854961,23.3816795
9280,1.9297167,4.7213416,11.2215662,-19.0458012,37.2290077,23.9389305
9290,1.2042773,4.4053087,10.9127159,-22.8473282,56.4885483,27.0152664
9300,0.6991033,4.0222383,10.8887739,-23.7099228,63.5954208,30.1145039
9310,0.4118006,3.7205703,11.3101511,-17.2519093,50.0076332,31.3816795
9320,0.8379663,3.6439564,10.9007444,-7.5190840,27.0381680,29.2824421
9330,1.4436963,3.7085996,9.9502516,-2.6335878,1.7786260,22.9541988
9340,1.9752063,3.5314295,9.9071560,-1.6488550,-20.2061062,15.0992365
9350,2.5953014,3.2584918,11.0060892,3.6106870,-48.6564903,-1.3740458
9360,2.7293761,3.0214672,11.3556404,5.2824426,-44.5496178,-5.9236641
9370,2.5378408,2.9831600,11.4825325,4.8473282,-30.8854961,-7.4656487
9380,2.2409613,2.9879484,11.4561968,3.4198472,-11.2061071,-6.3816795
9390,1.7501525,2.9711890,11.4178896,0.6488550,8.3206110,-2.8244274
9400,1.0223188,3.6463506,12.4928808,7.2977099,1.7786260,15.5038166
9410,1.2497669,3.8642218,12.9765072,12.4351149,-7.3664122,13.5267172
9420,1.2856797,4.4077029,13.0267849,15.5343513,-10.1145039,12.0152674
9430,0.9193687,4.9535780,13.0363617,16.0534344,-7.9083967,12.1526718
9440,0.5362985,5.5162125,13.2015610,15.8015270,-5.6412215,16.0229015
9450,0.4357425,5.9519548,13.5271702,16.9236641,-6.4885497,21.5725193
9460,0.6224893,6.3326311,13.6181498,17.7938938,-8.6641226,26.8549614
9470,0.9313397,6.6773944,13.8240499,18.7480907,-10.9694653,31.9770985
9480,1.6352314,6.9287844,14.1879663,22.0610695,-16.9465656,33.6106873
9490,2.2242019,7.3453732,14.4106264,27.4198475,-25.6564884,30.3740463
9500,2.8155668,7.8673067,14.3100700,33.9465637,-33.5114517,22.7480907
9510,3.4380560,8.0708122,13.5343533,38.0992355,-39.2137413,12.0381680
9520,3.2417326,8.1809454,12.5647058,36.1832047,-36.6259537,0.5648855
9530,2.5689652,8.0971489,11.9110928,29.1068707,-25.5954189,-5.8702292
9540,1.8387375,7.9558916,11.7746239,22.7786255,-10.6412210,-7.0152674
9550,0.3902529,7.6542239,8.5927458,42.4045792,7.3587785,9.5343513
9560,3.8929520,8.1258793,0.8810617,26.1374054,-104.4961853,-12.7557249
9570,5.1187773,8.0899658,-0.3830703,-1.3664122,-119.8167953,-27.0381680
9580,5.8154860,7.0269461,-0.8092360,-35.1603050,-118.0152664,-41.2061081
9590,5.8442163,5.2456689,-0.3303981,-67.2900772,-102.3206100,-50.8778610
9600,5.4180508,3.6990228,0.4572902,-93.8396912,-85.5419846,-55.8473282
9610,4.9559722,1.9177457,1.2162483,-111.8167953,-76.9847336,-57.9541969
9620,4.8003497,-0.0143651,2.0278785,-122.2900772,-80.1221390,-57.3206100
9630,5.0852585,-1.9416877,2.4636209,-127.4427490,-89.1297684,-53.3358765
9640,5.7628140,-3.8785870,2.5354466,-130.1068726,-94.2366409,-49.1526718
9650,6.6486640,-5.8466105,2.5091105,-132.1450348,-94.9618301,-45.7328262
9660,7.6087341,-7.9175844,2.5019281,-134.1221313,-96.8702316,-43.9847336
9670,9.0308828,-9.9023676,2.5881188,-135.8854980,-101.5343475,-46.9923668
9680,10.0579901,-11.4394369,2.7533178,-138.1450348,-104.1526718,-55.8091621
9690,10.4410601,-12.4785156,2.9927368,-142.1908417,-104.5648880,-68.9312973
9700,10.3668404,-12.9836893,3.4500270,-146.0076294,-109.5114517,-85.0610657
9710,9.2822723,-12.8041248,3.9863255,-150.7022858,-124.0076370,-103.2137375
9720,7.8840661,-12.2606440,5.0948353,-158.2748108,-136.9618378,-115.8473282
9730,6.3661499,-11.6932211,6.6797886,-165.4351196,-141.2748108,-119.8625946
9740,5.0637107,-11.4035244,8.5520449,-167.0305328,-142.5648804,-117.6030502
9750,3.7732425,-10.5487986,11.2862091,-160.0839691,-141.9770966,-110.5496216
9760,1.9560528,-9.5528164,14.0898046,-140.6183167,-137.6488495,-97.1374054
9770,0.6607963,-9.1434097,16.9077663,-108.3893127,-130.8167877,-73.1145020
9780,0.3639168,-8.7244263,19.1152077,-61.5190849,-111.5877838,-40.0534363
9790,1.0893562,-8.4443064,19.6126022,-4.9083967,-72.9312973,-4.9465647
9800,2.4396791,-8.6669655,18.7249565,53.4885483,-25.2977104,28.1221371
9810,4.0677280,-8.9111729,16.3547077,107.0992355,23.5877857,58.1145020
9820,5.5521255,-9.0883436,13.1153698,152.5725250,61.7633591,83.5038147
9830,7.3094602,-9.4187412,9.8305416,181.5038147,89.6183243,100.9236679
9840,8.6334467,-9.1553802,7.0484939,196.7175598,108.4961853,109.4732819
9850,9.3804340,-8.6454182,4.8697815,200.9313049,123.0916061,109.2595444
9860,9.1529865,-7.8146343,3.3375001,195.5114441,135.3358765,106.3435135
9870,8.3676920,-6.4307928,2.3319404,182.5038147,143.0458069,103.0992355
9880,7.4219875,-5.2336984,2.1308286,165.8931274,139.6564941,99.0992355
9890,6.9766679,-4.5441718,2.4181314,150.1145020,125.8854980,95.3129807
9900,6.9072366,-4.1922259,3.0908985,140.0305328,110.8702316,95.3435135
9910,7.1849627,-3.8618276,3.4907281,133.5496216,96.6183243,94.9770966
9920,7.4866304,-3.5050933,3.6678982,126.5877838,88.6259537,90.4427490
9930,7.4459291,-2.6695213,3.9982965,115.9694672,84.3587799,84.0687027
9940,7.1993275,-1.6160779,4.3382711,100.8931274,90.7709961,78.1374054
9950,6.6438756,-0.5554519,5.0876527,88.5114517,103.0000000,73.8167953
9960,6.5505023,0.3327923,5.5066357,72.9694672,119.7709961,68.1908417
9970,6.1363077,0.6727672,5.8442163,56.8854980,141.6183167,62.2442741
9980,5.3988972,0.9026094,6.1530671,42.3664131,157.9007568,57.3511467
9990,4.5824785,1.2449785,6.6582408,31.8473282,160.7862549,54.2213745
